{
  "_schema_version": 1,
  "label_order": [
    "CWE-89",
    "CWE-78",
    "CWE-22",
    "CWE-79",
    "CWE-94",
    "CWE-918",
    "CWE-502",
    "safe"
  ],
  "raw_counts": {
    "CWE-89": 148,
    "CWE-78": 17,
    "CWE-22": 9,
    "CWE-79": 40,
    "CWE-94": 24,
    "CWE-918": 17,
    "CWE-502": 51,
    "safe": 300
  },
  "uniform": {
    "CWE-89": 1.0,
    "CWE-78": 1.0,
    "CWE-22": 1.0,
    "CWE-79": 1.0,
    "CWE-94": 1.0,
    "CWE-918": 1.0,
    "CWE-502": 1.0,
    "safe": 1.0
  },
  "effective_number": {
    "CWE-89": 0.1766681411963853,
    "CWE-78": 1.4417898638042697,
    "CWE-22": 2.7125271917558367,
    "CWE-79": 0.6198177893334604,
    "CWE-94": 1.0248380472115146,
    "CWE-918": 1.4417898638042697,
    "CWE-502": 0.48879362776303903,
    "safe": 0.0937754751312227
  },
  "ldam_margins": {
    "CWE-89": 0.24829341561851567,
    "CWE-78": 0.4264993772296153,
    "CWE-22": 0.5,
    "CWE-79": 0.3443623269992148,
    "CWE-94": 0.3912711450183218,
    "CWE-918": 0.4264993772296153,
    "CWE-502": 0.3240694467272419,
    "safe": 0.20808957251439084
  },
  "drw_schedule": {
    "total_epochs": 10,
    "phase_a_epochs": 8,
    "phase_b_epochs": 2,
    "phase_b_weights": "effective_number",
    "_comment": "Phase A (8 epochs): uniform weights, backbone learns from natural distribution. Phase B (2 epochs): switch to effective_number, classifier head re-calibrates."
  },
  "config": {
    "beta": 0.999,
    "ldam_max_margin": 0.5,
    "ldam_exponent": 0.25
  }
}