{
  "_schema_version": 1,
  "label_order": [
    "CWE-89",
    "CWE-78",
    "CWE-22",
    "CWE-79",
    "CWE-94",
    "CWE-918",
    "CWE-502",
    "safe"
  ],
  "raw_counts": {
    "CWE-89": 184,
    "CWE-78": 39,
    "CWE-22": 36,
    "CWE-79": 119,
    "CWE-94": 41,
    "CWE-918": 38,
    "CWE-502": 63,
    "safe": 300
  },
  "uniform": {
    "CWE-89": 1.0,
    "CWE-78": 1.0,
    "CWE-22": 1.0,
    "CWE-79": 1.0,
    "CWE-94": 1.0,
    "CWE-918": 1.0,
    "CWE-502": 1.0,
    "safe": 1.0
  },
  "effective_number": {
    "CWE-89": 0.33703687981381175,
    "CWE-78": 1.4808602379032294,
    "CWE-22": 1.601874493722647,
    "CWE-79": 0.5048742968808301,
    "CWE-94": 1.410023776966406,
    "CWE-918": 1.5190750174166225,
    "CWE-502": 0.9277007991145279,
    "safe": 0.21855449818192335
  },
  "ldam_margins": {
    "CWE-89": 0.33253791831334484,
    "CWE-78": 0.49009410393069475,
    "CWE-22": 0.5,
    "CWE-79": 0.3708163623065084,
    "CWE-94": 0.4840047962912238,
    "CWE-918": 0.4932870682433747,
    "CWE-502": 0.43472087194499137,
    "safe": 0.2942830956382712
  },
  "drw_schedule": {
    "total_epochs": 10,
    "phase_a_epochs": 8,
    "phase_b_epochs": 2,
    "phase_b_weights": "effective_number",
    "_comment": "Phase A (8 epochs): uniform weights, backbone learns from natural distribution. Phase B (2 epochs): switch to effective_number, classifier head re-calibrates."
  },
  "config": {
    "beta": 0.999,
    "ldam_max_margin": 0.5,
    "ldam_exponent": 0.25
  }
}