{
  "_schema_version": 1,
  "label_order": [
    "CWE-89",
    "CWE-78",
    "CWE-22",
    "CWE-79",
    "CWE-94",
    "CWE-918",
    "CWE-502",
    "CWE-434",
    "safe"
  ],
  "raw_counts": {
    "CWE-89": 193,
    "CWE-78": 40,
    "CWE-22": 115,
    "CWE-79": 160,
    "CWE-94": 61,
    "CWE-918": 44,
    "CWE-502": 67,
    "CWE-434": 11,
    "safe": 311
  },
  "uniform": {
    "CWE-89": 1.0,
    "CWE-78": 1.0,
    "CWE-22": 1.0,
    "CWE-79": 1.0,
    "CWE-94": 1.0,
    "CWE-918": 1.0,
    "CWE-502": 1.0,
    "CWE-434": 1.0,
    "safe": 1.0
  },
  "effective_number": {
    "CWE-89": 0.2591383817345735,
    "CWE-78": 1.1599370911723872,
    "CWE-22": 0.4186780884301499,
    "CWE-79": 0.30761713326067824,
    "CWE-94": 0.7685790610576191,
    "CWE-918": 1.0565856022483833,
    "CWE-502": 0.7018320642855451,
    "CWE-434": 4.157460304751101,
    "safe": 0.17017227305956373
  },
  "ldam_margins": {
    "CWE-89": 0.2443030271722704,
    "CWE-78": 0.36207886712879134,
    "CWE-22": 0.27806332750541884,
    "CWE-79": 0.2560284222711113,
    "CWE-94": 0.3258259850231411,
    "CWE-918": 0.35355339059327373,
    "CWE-502": 0.3182727634341598,
    "CWE-434": 0.5,
    "safe": 0.21683434796230314
  },
  "drw_schedule": {
    "total_epochs": 10,
    "phase_a_epochs": 8,
    "phase_b_epochs": 2,
    "phase_b_weights": "effective_number",
    "_comment": "Phase A (8 epochs): uniform weights, backbone learns from natural distribution. Phase B (2 epochs): switch to effective_number, classifier head re-calibrates."
  },
  "config": {
    "beta": 0.999,
    "ldam_max_margin": 0.5,
    "ldam_exponent": 0.25
  }
}